{"cameraMode":{"drawMode":0,"name":"Shaded","section":"Shading Mode"},"sceneLighting":false,"audioPlay":false,"sceneViewState":{"showFog":true,"showMaterialUpdate":false,"showSkybox":false,"showFlares":true,"showImageEffects":true,"showParticleSystems":true},"in2DMode":false,"pivot":{"x":1.063484787940979,"y":1.2000000476837159,"z":-4.960000038146973},"rotation":{"x":-0.13934017717838288,"y":-0.014260970987379551,"z":0.0020072171464562418,"w":-0.9901429414749146},"size":5.066025733947754,"orthographic":false}