{"cameraMode":{"drawMode":0,"name":"Shaded","section":"Shading Mode"},"sceneLighting":false,"audioPlay":false,"sceneViewState":{"showFog":true,"showMaterialUpdate":false,"showSkybox":false,"showFlares":true,"showImageEffects":true,"showParticleSystems":true},"in2DMode":false,"pivot":{"x":20.263561248779298,"y":-2.5389957427978517,"z":-5.694146633148193},"rotation":{"x":0.07929452508687973,"y":0.8356302380561829,"z":-0.12527595460414887,"w":0.5289175510406494},"size":15.613654136657715,"orthographic":false}