{"cameraMode":{"drawMode":0,"name":"Shaded","section":"Shading Mode"},"sceneLighting":false,"audioPlay":false,"sceneViewState":{"showFog":true,"showMaterialUpdate":false,"showSkybox":false,"showFlares":true,"showImageEffects":true,"showParticleSystems":true},"in2DMode":false,"pivot":{"x":-1.7463387250900269,"y":1.2798926830291749,"z":2.085874319076538},"rotation":{"x":0.051259320229291919,"y":0.9461500644683838,"z":-0.25911709666252139,"w":0.18716982007026673},"size":2.2654223442077638,"orthographic":false}