{"cameraMode":{"drawMode":0,"name":"Shaded","section":"Shading Mode"},"sceneLighting":false,"audioPlay":false,"sceneViewState":{"showFog":false,"showMaterialUpdate":false,"showSkybox":true,"showFlares":true,"showImageEffects":true,"showParticleSystems":true},"in2DMode":false,"pivot":{"x":14.558237075805664,"y":10.115301132202149,"z":-20.572742462158204},"rotation":{"x":-0.08604320883750916,"y":-0.913850724697113,"z":0.28155970573425295,"w":-0.28000056743621828},"size":16.944726943969728,"orthographic":false}