{"cameraMode":{"drawMode":0,"name":"Shaded","section":"Shading Mode"},"sceneLighting":false,"audioPlay":false,"sceneViewState":{"showFog":true,"showMaterialUpdate":false,"showSkybox":false,"showFlares":true,"showImageEffects":true,"showParticleSystems":true},"in2DMode":false,"pivot":{"x":-6.222704887390137,"y":3.127459764480591,"z":6.580862998962402},"rotation":{"x":0.4255557954311371,"y":-0.5446618795394898,"z":0.3752991855144501,"w":0.6176636815071106},"size":3.4781906604766847,"orthographic":false}